cloud.google.com/go/auth,https://github.com/googleapis/google-cloud-go/blob/auth/v0.23.0/auth/LICENSE,Apache-2.0
cloud.google.com/go/auth/oauth2adapt,https://github.com/googleapis/google-cloud-go/blob/auth/oauth2adapt/v0.2.8/auth/oauth2adapt/LICENSE,Apache-2.0
cloud.google.com/go/civil,https://github.com/googleapis/google-cloud-go/blob/v0.123.0/LICENSE,Apache-2.0
cloud.google.com/go/compute/metadata,https://github.com/googleapis/google-cloud-go/blob/compute/metadata/v0.9.0/compute/metadata/LICENSE,Apache-2.0
cloud.google.com/go/iam,https://github.com/googleapis/google-cloud-go/blob/iam/v1.11.0/iam/LICENSE,Apache-2.0
cloud.google.com/go/secretmanager,https://github.com/googleapis/google-cloud-go/blob/secretmanager/v1.21.0/secretmanager/LICENSE,Apache-2.0
github.com/Azure/azure-sdk-for-go/sdk/azcore,https://github.com/Azure/azure-sdk-for-go/blob/sdk/azcore/v1.22.0/sdk/azcore/LICENSE.txt,MIT
github.com/Azure/azure-sdk-for-go/sdk/azidentity,https://github.com/Azure/azure-sdk-for-go/blob/sdk/azidentity/v1.14.0/sdk/azidentity/LICENSE.txt,MIT
github.com/Azure/azure-sdk-for-go/sdk/internal,https://github.com/Azure/azure-sdk-for-go/blob/sdk/internal/v1.12.0/sdk/internal/LICENSE.txt,MIT
github.com/Azure/azure-sdk-for-go/sdk/security/keyvault/azsecrets,https://github.com/Azure/azure-sdk-for-go/blob/sdk/security/keyvault/azsecrets/v1.5.0/sdk/security/keyvault/azsecrets/LICENSE.txt,MIT
github.com/Azure/azure-sdk-for-go/sdk/security/keyvault/internal,https://github.com/Azure/azure-sdk-for-go/blob/sdk/security/keyvault/internal/v1.2.0/sdk/security/keyvault/internal/LICENSE.txt,MIT
github.com/AzureAD/microsoft-authentication-library-for-go/apps,https://github.com/AzureAD/microsoft-authentication-library-for-go/blob/v1.7.2/LICENSE,MIT
github.com/agentstation/starmap,https://github.com/agentstation/starmap/blob/v0.4.0/LICENSE,AGPL-3.0
github.com/agentstation/starport,https://github.com/agentstation/starport/blob/HEAD/LICENSE,AGPL-3.0
github.com/agentstation/utc,https://github.com/agentstation/utc/blob/v0.2.0/LICENSE,MIT
github.com/agentstation/uuidkey,https://github.com/agentstation/uuidkey/blob/v1.2.0/LICENSE,MIT
github.com/aws/aws-sdk-go-v2,https://github.com/aws/aws-sdk-go-v2/blob/v1.43.5/LICENSE.txt,Apache-2.0
github.com/aws/aws-sdk-go-v2/config,https://github.com/aws/aws-sdk-go-v2/blob/config/v1.32.36/config/LICENSE.txt,Apache-2.0
github.com/aws/aws-sdk-go-v2/credentials,https://github.com/aws/aws-sdk-go-v2/blob/credentials/v1.19.35/credentials/LICENSE.txt,Apache-2.0
github.com/aws/aws-sdk-go-v2/feature/ec2/imds,https://github.com/aws/aws-sdk-go-v2/blob/feature/ec2/imds/v1.18.36/feature/ec2/imds/LICENSE.txt,Apache-2.0
github.com/aws/aws-sdk-go-v2/internal/configsources,https://github.com/aws/aws-sdk-go-v2/blob/internal/configsources/v1.4.36/internal/configsources/LICENSE.txt,Apache-2.0
github.com/aws/aws-sdk-go-v2/internal/endpoints/v2,https://github.com/aws/aws-sdk-go-v2/blob/internal/endpoints/v2.7.36/internal/endpoints/v2/LICENSE.txt,Apache-2.0
github.com/aws/aws-sdk-go-v2/internal/sync/singleflight,https://github.com/aws/aws-sdk-go-v2/blob/v1.43.5/internal/sync/singleflight/LICENSE,BSD-3-Clause
github.com/aws/aws-sdk-go-v2/internal/v4a,https://github.com/aws/aws-sdk-go-v2/blob/internal/v4a/v1.4.37/internal/v4a/LICENSE.txt,Apache-2.0
github.com/aws/aws-sdk-go-v2/service/internal/accept-encoding,https://github.com/aws/aws-sdk-go-v2/blob/service/internal/accept-encoding/v1.13.16/service/internal/accept-encoding/LICENSE.txt,Apache-2.0
github.com/aws/aws-sdk-go-v2/service/internal/presigned-url,https://github.com/aws/aws-sdk-go-v2/blob/service/internal/presigned-url/v1.13.36/service/internal/presigned-url/LICENSE.txt,Apache-2.0
github.com/aws/aws-sdk-go-v2/service/secretsmanager,https://github.com/aws/aws-sdk-go-v2/blob/service/secretsmanager/v1.44.5/service/secretsmanager/LICENSE.txt,Apache-2.0
github.com/aws/aws-sdk-go-v2/service/signin,https://github.com/aws/aws-sdk-go-v2/blob/service/signin/v1.5.5/service/signin/LICENSE.txt,Apache-2.0
github.com/aws/aws-sdk-go-v2/service/sso,https://github.com/aws/aws-sdk-go-v2/blob/service/sso/v1.33.5/service/sso/LICENSE.txt,Apache-2.0
github.com/aws/aws-sdk-go-v2/service/ssooidc,https://github.com/aws/aws-sdk-go-v2/blob/service/ssooidc/v1.38.5/service/ssooidc/LICENSE.txt,Apache-2.0
github.com/aws/aws-sdk-go-v2/service/sts,https://github.com/aws/aws-sdk-go-v2/blob/service/sts/v1.45.5/service/sts/LICENSE.txt,Apache-2.0
github.com/aws/smithy-go,https://github.com/aws/smithy-go/blob/v1.27.7/LICENSE,Apache-2.0
github.com/aws/smithy-go/internal/sync/singleflight,https://github.com/aws/smithy-go/blob/v1.27.7/internal/sync/singleflight/LICENSE,BSD-3-Clause
github.com/cenkalti/backoff/v4,https://github.com/cenkalti/backoff/blob/v4.3.0/LICENSE,MIT
github.com/cenkalti/backoff/v5,https://github.com/cenkalti/backoff/blob/v5.0.3/LICENSE,MIT
github.com/cespare/xxhash/v2,https://github.com/cespare/xxhash/blob/v2.3.0/LICENSE.txt,MIT
github.com/cpuguy83/go-md2man/v2/md2man,https://github.com/cpuguy83/go-md2man/blob/v2.0.6/LICENSE.md,MIT
github.com/dgraph-io/badger/v4,https://github.com/dgraph-io/badger/blob/v4.9.6/LICENSE,Apache-2.0
github.com/dgraph-io/ristretto/v2,https://github.com/dgraph-io/ristretto/blob/v2.4.2/LICENSE,Apache-2.0
github.com/dgraph-io/ristretto/v2/z,https://github.com/dgraph-io/ristretto/blob/v2.4.2/z/LICENSE,MIT
github.com/dustin/go-humanize,https://github.com/dustin/go-humanize/blob/v1.0.1/LICENSE,MIT
github.com/felixge/httpsnoop,https://github.com/felixge/httpsnoop/blob/v1.1.0/LICENSE.txt,MIT
github.com/fsnotify/fsnotify,https://github.com/fsnotify/fsnotify/blob/v1.10.1/LICENSE,BSD-3-Clause
github.com/go-chi/chi/v5,https://github.com/go-chi/chi/blob/v5.3.1/LICENSE,MIT
github.com/go-chi/cors,https://github.com/go-chi/cors/blob/v1.2.2/LICENSE,MIT
github.com/go-jose/go-jose/v4,https://github.com/go-jose/go-jose/blob/v4.1.4/LICENSE,Apache-2.0
github.com/go-jose/go-jose/v4/json,https://github.com/go-jose/go-jose/blob/v4.1.4/json/LICENSE,BSD-3-Clause
github.com/go-logr/logr,https://github.com/go-logr/logr/blob/v1.4.4/LICENSE,Apache-2.0
github.com/go-logr/stdr,https://github.com/go-logr/stdr/blob/v1.2.2/LICENSE,Apache-2.0
github.com/go-viper/mapstructure/v2,https://github.com/go-viper/mapstructure/blob/v2.5.0/LICENSE,MIT
github.com/goccy/go-yaml,https://github.com/goccy/go-yaml/blob/v1.19.2/LICENSE,MIT
github.com/gofrs/flock,https://github.com/gofrs/flock/blob/v0.13.0/LICENSE,BSD-3-Clause
github.com/golang-jwt/jwt/v5,https://github.com/golang-jwt/jwt/blob/v5.3.1/LICENSE,MIT
github.com/google/flatbuffers/go,https://github.com/google/flatbuffers/blob/v25.12.19/LICENSE,Apache-2.0
github.com/google/go-cmp/cmp,https://github.com/google/go-cmp/blob/v0.7.0/LICENSE,BSD-3-Clause
github.com/google/s2a-go,https://github.com/google/s2a-go/blob/v0.1.9/LICENSE.md,Apache-2.0
github.com/google/uuid,https://github.com/google/uuid/blob/v1.6.0/LICENSE,BSD-3-Clause
github.com/googleapis/enterprise-certificate-proxy/client,https://github.com/googleapis/enterprise-certificate-proxy/blob/v0.3.20/LICENSE,Apache-2.0
github.com/googleapis/gax-go/v2,https://github.com/googleapis/gax-go/blob/v2.23.0/v2/LICENSE,BSD-3-Clause
github.com/gorilla/websocket,https://github.com/gorilla/websocket/blob/v1.5.3/LICENSE,BSD-2-Clause
github.com/hashicorp/errwrap,https://github.com/hashicorp/errwrap/blob/v1.1.0/LICENSE,MPL-2.0
github.com/hashicorp/go-cleanhttp,https://github.com/hashicorp/go-cleanhttp/blob/v0.5.2/LICENSE,MPL-2.0
github.com/hashicorp/go-multierror,https://github.com/hashicorp/go-multierror/blob/v1.1.1/LICENSE,MPL-2.0
github.com/hashicorp/go-retryablehttp,https://github.com/hashicorp/go-retryablehttp/blob/v0.7.8/LICENSE,MPL-2.0
github.com/hashicorp/go-rootcerts,https://github.com/hashicorp/go-rootcerts/blob/v1.0.2/LICENSE,MPL-2.0
github.com/hashicorp/go-secure-stdlib/parseutil,https://github.com/hashicorp/go-secure-stdlib/blob/parseutil/v0.2.0/parseutil/LICENSE,MPL-2.0
github.com/hashicorp/go-secure-stdlib/strutil,https://github.com/hashicorp/go-secure-stdlib/blob/strutil/v0.1.2/strutil/LICENSE,MPL-2.0
github.com/hashicorp/go-sockaddr,https://github.com/hashicorp/go-sockaddr/blob/v1.0.7/LICENSE,MPL-2.0
github.com/hashicorp/hcl,https://github.com/hashicorp/hcl/blob/v1.0.1-vault-7/LICENSE,MPL-2.0
github.com/hashicorp/vault/api,https://github.com/hashicorp/vault/blob/api/v1.23.0/api/LICENSE,MPL-2.0
github.com/joho/godotenv,https://github.com/joho/godotenv/blob/v1.5.1/LICENCE,MIT
github.com/klauspost/compress,https://github.com/klauspost/compress/blob/v1.19.2/LICENSE,Apache-2.0
github.com/klauspost/compress/internal/snapref,https://github.com/klauspost/compress/blob/v1.19.2/internal/snapref/LICENSE,BSD-3-Clause
github.com/klauspost/compress/s2,https://github.com/klauspost/compress/blob/v1.19.2/s2/LICENSE,BSD-3-Clause
github.com/klauspost/compress/snappy,https://github.com/klauspost/compress/blob/v1.19.2/snappy/LICENSE,BSD-3-Clause
github.com/klauspost/compress/zstd/internal/xxhash,https://github.com/klauspost/compress/blob/v1.19.2/zstd/internal/xxhash/LICENSE.txt,MIT
github.com/kylelemons/godebug,https://github.com/kylelemons/godebug/blob/v1.1.0/LICENSE,Apache-2.0
github.com/mattn/go-colorable,https://github.com/mattn/go-colorable/blob/v0.1.15/LICENSE,MIT
github.com/mattn/go-isatty,https://github.com/mattn/go-isatty/blob/v0.0.24/LICENSE,MIT
github.com/mitchellh/go-homedir,https://github.com/mitchellh/go-homedir/blob/v1.1.0/LICENSE,MIT
github.com/mitchellh/mapstructure,https://github.com/mitchellh/mapstructure/blob/v1.5.0/LICENSE,MIT
github.com/openbao/openbao/api/v2,https://github.com/openbao/openbao/blob/api/v2.6.0/api/LICENSE,MPL-2.0
github.com/pkg/browser,https://github.com/pkg/browser/blob/5ac0b6a4141c/LICENSE,BSD-2-Clause
github.com/rs/zerolog,https://github.com/rs/zerolog/blob/v1.35.1/LICENSE,MIT
github.com/russross/blackfriday/v2,https://github.com/russross/blackfriday/blob/v2.1.0/LICENSE.txt,BSD-2-Clause
github.com/ryanuber/go-glob,https://github.com/ryanuber/go-glob/blob/v1.0.0/LICENSE,MIT
github.com/sethvargo/go-envconfig,https://github.com/sethvargo/go-envconfig/blob/v1.4.3/LICENSE,Apache-2.0
github.com/urfave/cli-docs/v3,https://github.com/urfave/cli-docs/blob/v3.1.0/LICENSE,MIT
github.com/urfave/cli/v3,https://github.com/urfave/cli/blob/v3.10.1/LICENSE,MIT
github.com/valkey-io/valkey-go,https://github.com/valkey-io/valkey-go/blob/v1.0.76/LICENSE,Apache-2.0
go.opentelemetry.io/auto/sdk,https://github.com/open-telemetry/opentelemetry-go-instrumentation/blob/sdk/v1.2.1/sdk/LICENSE,Apache-2.0
go.opentelemetry.io/contrib/instrumentation/google.golang.org/grpc/otelgrpc,https://github.com/open-telemetry/opentelemetry-go-contrib/blob/instrumentation/google.golang.org/grpc/otelgrpc/v0.67.0/instrumentation/google.golang.org/grpc/otelgrpc/LICENSE,Apache-2.0
go.opentelemetry.io/contrib/instrumentation/net/http/otelhttp,https://github.com/open-telemetry/opentelemetry-go-contrib/blob/instrumentation/net/http/otelhttp/v0.70.0/instrumentation/net/http/otelhttp/LICENSE,Apache-2.0
go.opentelemetry.io/otel,https://github.com/open-telemetry/opentelemetry-go/blob/v1.45.0/LICENSE,Apache-2.0
go.opentelemetry.io/otel/metric,https://github.com/open-telemetry/opentelemetry-go/blob/metric/v1.45.0/metric/LICENSE,Apache-2.0
go.opentelemetry.io/otel/trace,https://github.com/open-telemetry/opentelemetry-go/blob/trace/v1.45.0/trace/LICENSE,Apache-2.0
golang.org/x/crypto,https://cs.opensource.google/go/x/crypto/+/v0.54.0:LICENSE,BSD-3-Clause
golang.org/x/net,https://cs.opensource.google/go/x/net/+/v0.57.0:LICENSE,BSD-3-Clause
golang.org/x/oauth2,https://cs.opensource.google/go/x/oauth2/+/v0.36.0:LICENSE,BSD-3-Clause
golang.org/x/sync/semaphore,https://cs.opensource.google/go/x/sync/+/v0.22.0:LICENSE,BSD-3-Clause
golang.org/x/sys,https://cs.opensource.google/go/x/sys/+/v0.47.0:LICENSE,BSD-3-Clause
golang.org/x/text,https://cs.opensource.google/go/x/text/+/v0.40.0:LICENSE,BSD-3-Clause
golang.org/x/time/rate,https://cs.opensource.google/go/x/time/+/v0.15.0:LICENSE,BSD-3-Clause
google.golang.org/api,https://github.com/googleapis/google-api-go-client/blob/v0.292.0/LICENSE,BSD-3-Clause
google.golang.org/api/internal/third_party/uritemplates,https://github.com/googleapis/google-api-go-client/blob/v0.292.0/internal/third_party/uritemplates/LICENSE,BSD-3-Clause
google.golang.org/genai,https://github.com/googleapis/go-genai/blob/v1.67.0/LICENSE,Apache-2.0
google.golang.org/genproto/googleapis,https://github.com/googleapis/go-genproto/blob/d00831a3d3e7/LICENSE,Apache-2.0
google.golang.org/genproto/googleapis/api,https://github.com/googleapis/go-genproto/blob/925bb5da69e7/googleapis/api/LICENSE,Apache-2.0
google.golang.org/genproto/googleapis/rpc,https://github.com/googleapis/go-genproto/blob/c8921c73eeea/googleapis/rpc/LICENSE,Apache-2.0
google.golang.org/grpc,https://github.com/grpc/grpc-go/blob/v1.83.0/LICENSE,Apache-2.0
google.golang.org/protobuf,https://github.com/protocolbuffers/protobuf-go/blob/v1.36.11/LICENSE,BSD-3-Clause
gopkg.in/yaml.v3,https://github.com/go-yaml/yaml/blob/v3.0.1/LICENSE,MIT
